{
  "config": {
    "simulationParameters": {
      "t": 0.0,
      "dt": 0.001,
      "maxt": 20.0,
      "outputRes": 400,
      "rungeKuttaClassName": "com.maxwell.simulation.methods.SimpleEuler"
    },
    "populationParameters": {
      "groups": [
        {
          "name": "Young People (Rapid Spreaders)",
          "parameters": {
            "recoveryRate": 1.0,
            "sirValues": {
              "s": {
                "value": 0.12586639054770057
              },
              "i": {
                "value": 1.132807742734356E-6
              },
              "r": {
                "value": 0.3741324766445583
              }
            }
          }
        },
        {
          "name": "Old People (Unshielded)",
          "parameters": {
            "recoveryRate": 1.0,
            "sirValues": {
              "s": {
                "value": 0.21955145970671083
              },
              "i": {
                "value": 1.1454151026462222E-6
              },
              "r": {
                "value": 0.28044739487818443
              }
            }
          }
        }
      ],
      "transmissionRates": [
        [
          3.2,
          1.2
        ],
        [
          1.5,
          1.2
        ]
      ]
    }
  },
  "groupDataResults": [
    {
      "groupName": "Whole Population",
      "S": [
        0.99,
        0.9765928955531771,
        0.9573482750360445,
        0.9304379235458807,
        0.8942515751594915,
        0.8480661943180778,
        0.7928062536831814,
        0.7314013579738767,
        0.6682645814631132,
        0.6079994628721151,
        0.5540996380404867,
        0.5083542561732379,
        0.47102657249808944,
        0.44140507823088215,
        0.418340313152857,
        0.40060460842422874,
        0.38707732532612105,
        0.37681393274190356,
        0.3690532593077976,
        0.36319790895301773,
        0.35878646752008925,
        0.35546604973832013,
        0.3529684361884101,
        0.35109056130195293,
        0.3496790783196995,
        0.3486183804948835,
        0.3478214110106608,
        0.3472226626251893,
        0.34677286954549524,
        0.3464349944042644,
        0.3461812003502236,
        0.345990569490784,
        0.34584738530819115,
        0.34573984047897,
        0.3456590651809145,
        0.3455983966403148,
        0.34555283015765403,
        0.345518606595422,
        0.34549290244600306,
        0.3454735969925561,
        0.3454590973986763,
        0.34544820732123843,
        0.3454400282202058,
        0.34543388523053786,
        0.3454292714843139,
        0.3454258062915372,
        0.3454232037304439,
        0.345421249056418,
        0.3454197809833943,
        0.34541867837598816,
        0.3454178502544114
      ],
      "I": [
        0.01,
        0.015759129417768383,
        0.02337753482250834,
        0.033392292602942186,
        0.045913972686768244,
        0.06030641250544436,
        0.07495618128182059,
        0.08747099008437118,
        0.09546020663019428,
        0.09752401242491082,
        0.09376773503968033,
        0.08553719948529673,
        0.0747016839275815,
        0.06299775277012988,
        0.051690457982334584,
        0.041522811443546706,
        0.03281758941673196,
        0.0256182557443163,
        0.019811109483180864,
        0.015211529105662595,
        0.011616994683079675,
        0.00883572437572672,
        0.006699621781878147,
        0.0050681026129905105,
        0.0038271462583133855,
        0.0028862003955673634,
        0.0021744088458361876,
        0.0016369153171255466,
        0.0012315791824762273,
        9.26212537458648E-4,
        6.963334890873285E-4,
        5.233799046055897E-4,
        3.933111195381572E-4,
        2.955252959518062E-4,
        2.2202777963868642E-4,
        1.6679593994833593E-4,
        1.252961273042906E-4,
        9.411747092078298E-5,
        7.069490429627828E-5,
        5.310004352814839E-5,
        3.988350252880757E-5,
        2.9956110068415932E-5,
        2.2499497253365995E-5,
        1.6898830539902897E-5,
        1.2692226391030073E-5,
        9.532722587772128E-6,
        7.1596960316772434E-6,
        5.377384299899183E-6,
        4.038747557492955E-6,
        3.033344229499931E-6,
        2.278222845380578E-6
      ],
      "R": [
        0.0,
        0.007647975029053913,
        0.01927419014144658,
        0.03616978385117628,
        0.05983445215373931,
        0.0916273931764766,
        0.1322375650349967,
        0.1811276519417495,
        0.23627521190668985,
        0.2944765247029715,
        0.35213262691983005,
        0.4061085443414622,
        0.454271743574326,
        0.49559716899898587,
        0.5299692288648056,
        0.5578725801322206,
        0.5801050852571424,
        0.5975678115137757,
        0.6111356312090171,
        0.6215905619413153,
        0.6295965377968267,
        0.6356982258859478,
        0.6403319420297066,
        0.6438413360850517,
        0.6464937754219815,
        0.648495419109544,
        0.6500041801434981,
        0.6511404220576802,
        0.6519955512720248,
        0.6526387930582731,
        0.653122466160686,
        0.6534860506046068,
        0.6537593035722675,
        0.6539646342250746,
        0.6541189070394428,
        0.654234807419733,
        0.6543218737150392,
        0.6543872759336546,
        0.6544364026496987,
        0.6544733029639136,
        0.6545010190987923,
        0.6545218365686909,
        0.6545374722825391,
        0.6545492159389208,
        0.6545580362892931,
        0.6545646609858722,
        0.6545696365735214,
        0.6545733735592806,
        0.6545761802690468,
        0.6545782882797819,
        0.6545798715227427
      ],
      "T": [
        0.0,
        0.4000000000000003,
        0.8000000000000006,
        1.1999999999999786,
        1.5999999999999346,
        1.9999999999998905,
        2.3999999999998467,
        2.7999999999998026,
        3.1999999999997586,
        3.5999999999997145,
        3.9999999999996705,
        4.399999999999804,
        4.799999999999938,
        5.200000000000071,
        5.600000000000205,
        6.000000000000338,
        6.400000000000472,
        6.800000000000606,
        7.200000000000739,
        7.600000000000873,
        8.000000000001005,
        8.400000000000784,
        8.800000000000562,
        9.20000000000034,
        9.600000000000119,
        9.999999999999897,
        10.399999999999675,
        10.799999999999454,
        11.199999999999232,
        11.59999999999901,
        11.999999999998789,
        12.399999999998567,
        12.799999999998345,
        13.199999999998123,
        13.599999999997902,
        13.99999999999768,
        14.399999999997458,
        14.799999999997237,
        15.199999999997015,
        15.599999999996793,
        15.999999999996572,
        16.39999999999706,
        16.79999999999755,
        17.199999999998038,
        17.599999999998527,
        17.999999999999016,
        18.399999999999505,
        18.799999999999994,
        19.200000000000482,
        19.60000000000097,
        20.00000000000146
      ]
    },
    {
      "groupName": "Young People (Rapid Spreaders)",